구스트 타코,https://www.tripadvisor.co.kr/Restaurant_Review-g294197-d1978666-Reviews-Gusto_Taco-Seoul.html
정식당,https://www.tripadvisor.co.kr/Restaurant_Review-g294197-d3200324-Reviews-Jungsik-Seoul.htmll
브라이 리퍼블릭,https://www.tripadvisor.co.kr/Restaurant_Review-g294197-d2330577-Reviews-Braai_Republic-Seoul.html
죠티인도레스토랑,https://www.tripadvisor.co.kr/Restaurant_Review-g294197-d2170347-Reviews-Jyoti_Indian_Restaurant-Seoul.html
햄리갓,https://www.tripadvisor.co.kr/Restaurant_Review-g294197-d6904237-Reviews-Hemlagat-Seoul.html
교촌치킨 동대문 1호점,https://www.tripadvisor.co.kr/Restaurant_Review-g294197-d4030459-Reviews-Kyochon_Chicken_Dongdaemun_1-Seoul.html
부다스벨리,https://www.tripadvisor.co.kr/Restaurant_Review-g294197-d2327459-Reviews-Buddha_s_Belly-Seoul.html
쟈니 덤플링,https://www.tripadvisor.co.kr/Restaurant_Review-g294197-d9171053-Reviews-Jonny_Dumpling-Seoul.html
죠티레스토랑,https://www.tripadvisor.co.kr/Restaurant_Review-g294197-d7118098-Reviews-Jyoti_Restaurant_Chungmuro-Seoul.html
더 파크뷰,https://www.tripadvisor.co.kr/Restaurant_Review-g294197-d3616586-Reviews-The_Park_View-Seoul.html
진옥화할매원조닭한마리,https://www.tripadvisor.co.kr/Restaurant_Review-g294197-d2230268-Reviews-Jin_Ok_Hwa_Original_Chicken_Restaurant-Seoul.html
자매집,https://www.tripadvisor.co.kr/Restaurant_Review-g294197-d3922956-Reviews-Jamaejip-Seoul.html
단풍나무집,https://www.tripadvisor.co.kr/Restaurant_Review-g294197-d9105334-Reviews-Maple_Tree_House_Itaewon-Seoul.html
토속촌삼계탕,https://www.tripadvisor.co.kr/Restaurant_Review-g294197-d1174982-Reviews-Tosokchon_Samgyetang-Seoul.html
BLT 스테이크,https://www.tripadvisor.co.kr/Restaurant_Review-g294197-d6463321-Reviews-BLT_Steak-Seoul.html
라이너스 바베큐,https://www.tripadvisor.co.kr/Restaurant_Review-g294197-d7033805-Reviews-Linus_Bama_Style_BBQ-Seoul.html
브루클린 버거 조인트,https://www.tripadvisor.co.kr/Restaurant_Review-g294197-d4171321-Reviews-Brooklyn_The_Burger_Joint-Seoul.html
라세느,https://www.tripadvisor.co.kr/Restaurant_Review-g294197-d4075980-Reviews-La_Seine-Seoul.html
왕비집 명동 본점,https://www.tripadvisor.co.kr/Restaurant_Review-g294197-d1933588-Reviews-Wangbijib_Myeongdong_Main_Store-Seoul.html
진미식당,https://www.tripadvisor.co.kr/Restaurant_Review-g294197-d3227530-Reviews-Jinmi_Sikdang-Seoul.html
페트라,https://www.tripadvisor.co.kr/Restaurant_Review-g294197-d1745654-Reviews-Petra_Restaurant-Seoul.html
팔색삼겹살,https://www.tripadvisor.co.kr/Restaurant_Review-g294197-d9366204-Reviews-Palsaik_Samgyupsal_Main-Seoul.html
안동찜닭,https://www.tripadvisor.co.kr/Restaurant_Review-g294197-d1140399-Reviews-Andong_Jjimdak-Seoul.html
황생가칼국수,https://www.tripadvisor.co.kr/Restaurant_Review-g294197-d1918214-Reviews-Hwangsaengga_Kalguksu-Seoul.html
순희네 빈대떡,https://www.tripadvisor.co.kr/Restaurant_Review-g294197-d3627423-Reviews-Sunine_Bindaetteok-Seoul.html
오세계향,https://www.tripadvisor.co.kr/Restaurant_Review-g294197-d3923509-Reviews-Osegyehyang-Seoul.html
부자피자,https://www.tripadvisor.co.kr/Restaurant_Review-g294197-d3572888-Reviews-Pizzeria_d_Buzza-Seoul.html
프로간장게장,https://www.tripadvisor.co.kr/Restaurant_Review-g294197-d1174970-Reviews-Pro_Ganjang_Gejang_Sinsa-Seoul.html
고궁 명동점,https://www.tripadvisor.co.kr/Restaurant_Review-g294197-d1863015-Reviews-Gogung_Myeongdong_Store-Seoul.html
단풍나무 집 삼청동점,https://www.tripadvisor.co.kr/Restaurant_Review-g294197-d4886861-Reviews-Maple_Tree_House_Samcheongdong-Seoul.html
우례옥 주교점,https://www.tripadvisor.co.kr/Restaurant_Review-g294197-d4032449-Reviews-Woo_Lae_Oak_Jugyo-Seoul.html
더킹스,https://www.tripadvisor.co.kr/Restaurant_Review-g294197-d9213118-Reviews-The_King_s-Seoul.html
피자힐,https://www.tripadvisor.co.kr/Restaurant_Review-g294197-d9326987-Reviews-Pizza_Hil-Seoul.html
아리랑,https://www.tripadvisor.co.kr/Restaurant_Review-g294197-d3922438-Reviews-Arirang_Korean_Restaurant-Seoul.html
그릴 앤 바,https://www.tripadvisor.co.kr/Restaurant_Review-g294197-d4562449-Reviews-37_Grill_Bar-Seoul.html
브릭오븐뉴욕피자,https://www.tripadvisor.co.kr/Restaurant_Review-g294197-d3682371-Reviews-Brick_Oven_New_York_Pizzeria-Seoul.html
젤렌,https://www.tripadvisor.co.kr/Restaurant_Review-g294197-d2428983-Reviews-Zelen-Seoul.html
산촌,https://www.tripadvisor.co.kr/Restaurant_Review-g294197-d802826-Reviews-Sanchon-Seoul.html
제스트,https://www.tripadvisor.co.kr/Restaurant_Review-g294197-d6497852-Reviews-Zest-Seoul.html
하동관,https://www.tripadvisor.co.kr/Restaurant_Review-g294197-d2219129-Reviews-Hadongkwan-Seoul.html
백제삼계탕,https://www.tripadvisor.co.kr/Restaurant_Review-g294197-d1777647-Reviews-Baegje_Samgyetang-Seoul.html
삼원 가든 본점,https://www.tripadvisor.co.kr/Restaurant_Review-g294197-d810850-Reviews-Samwon_Garden_Main_Store-Seoul.html
울프하운드 아이리쉬 펍,https://www.tripadvisor.co.kr/Restaurant_Review-g294197-d1857138-Reviews-The_Wolfhound_Irish_Pub_Restaurant-Seoul.html
새벽집 청담점,https://www.tripadvisor.co.kr/Restaurant_Review-g294197-d9106251-Reviews-Saebyukjip_Cheongdam-Seoul.html
토다이 명동점,https://www.tripadvisor.co.kr/Restaurant_Review-g294197-d4076311-Reviews-Todai_Myeongdong-Seoul.html
팔색 삼겹살 동대문점,https://www.tripadvisor.co.kr/Restaurant_Review-g294197-d7086580-Reviews-Palsaek_Samgyeobsal_Dongdaemun-Seoul.html
빌즈 잠실,https://www.tripadvisor.co.kr/Restaurant_Review-g294197-d7234215-Reviews-Bills_Jamsil-Seoul.html
사프란 레스토랑,https://www.tripadvisor.co.kr/Restaurant_Review-g294197-d2690788-Reviews-Saffron_Restaurant_Seoul-Seoul.html
나마스테 해운대점,https://www.tripadvisor.co.kr/Restaurant_Review-g297884-d4166622-Reviews-Namaste_Haeundae-Busan.html
갈매기 브루어리,https://www.tripadvisor.co.kr/Restaurant_Review-g297884-d6941970-Reviews-Galmegi_Brewing_Gwangan-Busan.html
더파티,https://www.tripadvisor.co.kr/Restaurant_Review-g297884-d3957675-Reviews-The_Party_Haeundae-Busan.html
송정 3대 국밥,https://www.tripadvisor.co.kr/Restaurant_Review-g297884-d4118373-Reviews-Songjeong_Samdae_Gukbop-Busan.html
개미집,https://www.tripadvisor.co.kr/Restaurant_Review-g297884-d3600528-Reviews-Gaemijip-Busan.html
금수복국,https://www.tripadvisor.co.kr/Restaurant_Review-g297884-d3923205-Reviews-Geumsu_Bokkuk_Main-Busan.html
본전 돼지국밥,https://www.tripadvisor.co.kr/Restaurant_Review-g297884-d2179316-Reviews-Bonjeon_Dwaeji_Gugbap-Busan.html
쌍둥이돼지국밥,https://www.tripadvisor.co.kr/Restaurant_Review-g297884-d4033847-Reviews-Ssangdoongi_Dwaeji_Gukbap-Busan.html
할매가야밀면,https://www.tripadvisor.co.kr/Restaurant_Review-g297884-d6494542-Reviews-Halmae_Gaya_Milmyeon-Busan.html
피에르가니에르,https://www.tripadvisor.co.kr/Restaurant_Review-g294197-d1437932-Reviews-Pierre_Gagnaire_Seoul-Seoul.html
마포진짜 원조 최대포,https://www.tripadvisor.co.kr/Restaurant_Review-g294197-d1194021-Reviews-Mapo_Jinjja_Wonjo_Choidaepo-Seoul.html
파리바게트 강남역점,https://www.tripadvisor.co.kr/Restaurant_Review-g294197-d3329965-Reviews-Paris_Baguette_Gangnam_Station-Seoul.html
설빙 인사점,https://www.tripadvisor.co.kr/Restaurant_Review-g294197-d7007845-Reviews-Sulbing_Insadong-Seoul.html
브루 3.14,https://www.tripadvisor.co.kr/Restaurant_Review-g294197-d4826338-Reviews-Brew_3_14-Seoul.html
프로스트,https://www.tripadvisor.co.kr/Restaurant_Review-g294197-d9321613-Reviews-Prost_Pub_Grill-Seoul.html
더 잿 래그드 리자드,https://www.tripadvisor.co.kr/Restaurant_Review-g297889-d4413979-Reviews-The_Jet_Lagged_Lizard-Incheon.html
레스토랑 8,https://www.tripadvisor.co.kr/Restaurant_Review-g297889-d4084252-Reviews-Restaurant_8-Incheon.html
풀사이드 228,https://www.tripadvisor.co.kr/Restaurant_Review-g297889-d6591959-Reviews-Poolside_228-Incheon.html
바그다드,https://www.tripadvisor.co.kr/Restaurant_Review-g297885-d1140355-Reviews-Bagdad_Cafe-Jeju_Jeju_Island.html
광원,https://www.tripadvisor.co.kr/Restaurant_Review-g297885-d2293565-Reviews-Sunny_Garden-Jeju_Jeju_Island.html
흑돈가,https://www.tripadvisor.co.kr/Restaurant_Review-g297885-d3612193-Reviews-Heukdonga_Jeju-Jeju_Jeju_Island.html
민트,https://www.tripadvisor.co.kr/Restaurant_Review-g297892-d6591967-Reviews-Mint-Seogwipo_Jeju_Island.html
마츠,https://www.tripadvisor.co.kr/Restaurant_Review-g317129-d5927684-Reviews-Matsu-Sokcho_Gangwon_do.html
지화자,https://www.tripadvisor.co.kr/Restaurant_Review-g294197-d10257443-Reviews-Jihwaja-Seoul.html
홍시한정식,https://www.tripadvisor.co.kr/Restaurant_Review-g297888-d5972609-Reviews-Hongsi_Hanjungsik-Gyeongju_Gyeongsangbuk_do.html